<?xml version='1.0' encoding='ISO-8859-1'?>
<ConteudoXML>

<Texto conteudo="falir/falar serio amigo esse livro contar o historia de Malu e ele inseparaveis amigo . contar o historia de cada um de ele momento marcante de tim tim por tim falir/falar de o conflito de um amizade , de o tristeza quando acontecer algo com algum amigo . . esse livro e muito legal falir/falar de todo que um amigo e ou poder/podar ser ." ></Texto>

<Sentencas>
<sentenca_1 conteudo="falir/falar serio amigo esse livro contar o historia de Malu e ele inseparaveis amigo ."></sentenca_1>
<sentenca_2 conteudo="contar o historia de cada um de ele momento marcante de tim tim por tim falir/falar de o conflito de um amizade , de o tristeza quando acontecer algo com algum amigo ."></sentenca_2>
<sentenca_3 conteudo=". esse livro e muito legal falir/falar de todo que um amigo e ou poder/podar ser."></sentenca_3>
</Sentencas>


<Tokens> 
<word_0 token="falir/falar" lemma="" pos="v-inf" features="-" sentenca="1"></word_0>
<word_1 token="serio" lemma="seriar" pos="v-fin" features="PR=1S=IND" sentenca="1"></word_1>
<word_2 token="amigo" lemma="amigo" pos="n" features="M=S" sentenca="1"></word_2>
<word_3 token="esse" lemma="esse" pos="pron-det" features="M=S" sentenca="1"></word_3>
<word_4 token="livro" lemma="livro" pos="n" features="M=S" sentenca="1"></word_4>
<word_5 token="contar" lemma="contar" pos="v-inf" features="-" sentenca="1"></word_5>
<word_6 token="o" lemma="o" pos="art" features="M=S" sentenca="1"></word_6>
<word_7 token="historia" lemma="historiar" pos="v-fin" features="IMP=2S" sentenca="1"></word_7>
<word_8 token="de" lemma="de" pos="prp" features="-" sentenca="1"></word_8>
<word_9 token="Malu" lemma="" pos="prop" features="M=S" sentenca="1"></word_9>
<word_10 token="e" lemma="e" pos="conj-c" features="-" sentenca="1"></word_10>
<word_11 token="ele" lemma="ele" pos="pron-pers" features="M=3S=NOM" sentenca="1"></word_11>
<word_12 token="inseparaveis" lemma="" pos="adj" features="M=P" sentenca="1"></word_12>
<word_13 token="amigo" lemma="amigo" pos="n" features="M=S" sentenca="1"></word_13>
<word_14 token="." lemma="." pos="." features="-" sentenca="1"></word_14>
<word_15 token="contar" lemma="contar" pos="v-inf" features="-" sentenca="2"></word_15>
<word_16 token="o" lemma="o" pos="art" features="M=S" sentenca="2"></word_16>
<word_17 token="historia" lemma="historiar" pos="v-fin" features="IMP=2S" sentenca="2"></word_17>
<word_18 token="de" lemma="de" pos="prp" features="-" sentenca="2"></word_18>
<word_19 token="cada" lemma="cada" pos="pron-det" features="M=S" sentenca="2"></word_19>
<word_20 token="um" lemma="um" pos="art" features="M=S" sentenca="2"></word_20>
<word_21 token="de" lemma="de" pos="prp" features="-" sentenca="2"></word_21>
<word_22 token="ele" lemma="ele" pos="pron-pers" features="M=3S=NOM" sentenca="2"></word_22>
<word_23 token="momento" lemma="momento" pos="n" features="M=S" sentenca="2"></word_23>
<word_24 token="marcante" lemma="marcante, marcar" pos="adj" features="M=S" sentenca="2"></word_24>
<word_25 token="de" lemma="de" pos="prp" features="-" sentenca="2"></word_25>
<word_26 token="tim" lemma="" pos="n" features="M=S" sentenca="2"></word_26>
<word_27 token="tim" lemma="" pos="adv" features="-" sentenca="2"></word_27>
<word_28 token="por" lemma="por" pos="prp" features="-" sentenca="2"></word_28>
<word_29 token="tim" lemma="" pos="n" features="M=S" sentenca="2"></word_29>
<word_30 token="falir/falar" lemma="" pos="adj" features="M=S" sentenca="2"></word_30>
<word_31 token="de" lemma="de" pos="prp" features="-" sentenca="2"></word_31>
<word_32 token="o" lemma="o" pos="art" features="M=S" sentenca="2"></word_32>
<word_33 token="conflito" lemma="conflito" pos="n" features="M=S" sentenca="2"></word_33>
<word_34 token="de" lemma="de" pos="prp" features="-" sentenca="2"></word_34>
<word_35 token="um" lemma="um" pos="art" features="M=S" sentenca="2"></word_35>
<word_36 token="amizade" lemma="amizade" pos="n" features="F=S" sentenca="2"></word_36>
<word_37 token="," lemma="" pos="," features="-" sentenca="2"></word_37>
<word_38 token="de" lemma="de" pos="prp" features="-" sentenca="2"></word_38>
<word_39 token="o" lemma="o" pos="art" features="M=S" sentenca="2"></word_39>
<word_40 token="tristeza" lemma="tristeza" pos="n" features="F=S" sentenca="2"></word_40>
<word_41 token="quando" lemma="quando" pos="adv" features="-" sentenca="2"></word_41>
<word_42 token="acontecer" lemma="" pos="v-fin" features="FUT=3S=SUBJ" sentenca="2"></word_42>
<word_43 token="algo" lemma="algo" pos="adv" features="-" sentenca="2"></word_43>
<word_44 token="com" lemma="com" pos="prp" features="-" sentenca="2"></word_44>
<word_45 token="algum" lemma="algum" pos="pron-det" features="M=S" sentenca="2"></word_45>
<word_46 token="amigo" lemma="amigo" pos="n" features="M=S" sentenca="2"></word_46>
<word_47 token="." lemma="." pos="." features="-" sentenca="2"></word_47>
<word_48 token="." lemma="." pos="." features="-" sentenca="3"></word_48>
<word_49 token="esse" lemma="esse" pos="pron-det" features="M=S" sentenca="3"></word_49>
<word_50 token="livro" lemma="livro" pos="n" features="M=S" sentenca="3"></word_50>
<word_51 token="e" lemma="e" pos="conj-c" features="-" sentenca="3"></word_51>
<word_52 token="muito" lemma="muito" pos="adv" features="-" sentenca="3"></word_52>
<word_53 token="legal" lemma="legal" pos="adj" features="M=S" sentenca="3"></word_53>
<word_54 token="falir/falar" lemma="" pos="v-inf" features="-" sentenca="3"></word_54>
<word_55 token="de" lemma="de" pos="prp" features="-" sentenca="3"></word_55>
<word_56 token="todo" lemma="todo" pos="pron-det" features="M=S" sentenca="3"></word_56>
<word_57 token="que" lemma="que" pos="pron-indp" features="M=S" sentenca="3"></word_57>
<word_58 token="um" lemma="um" pos="art" features="M=S" sentenca="3"></word_58>
<word_59 token="amigo" lemma="amigo" pos="n" features="M=S" sentenca="3"></word_59>
<word_60 token="e" lemma="e" pos="conj-c" features="-" sentenca="3"></word_60>
<word_61 token="ou" lemma="ou" pos="conj-c" features="-" sentenca="3"></word_61>
<word_62 token="poder/podar" lemma="" pos="v-fin" features="IMPF=1S=IND" sentenca="3"></word_62>
<word_63 token="ser" lemma="ser" pos="v-inf" features="-" sentenca="3"></word_63>
<word_64 token="." lemma="." pos="." features="-" sentenca="3"></word_64>
</Tokens> 

<Cadeias> 

<Cadeia_0> 
<sn id="0" tokens="2...2" nucleo="amigo" sintagma="amigo" Categoria="OUTRO" sentenca="1">
<word_2 token="amigo" lemma="amigo" pos="n" features="M=S" ></word_2>
</sn>
<sn id="10" tokens="35...36" nucleo="amizade" sintagma="um amizade" Categoria="OUTROS SERES/MITLG" sentenca="2">
<word_35 token="um" lemma="um" pos="art" features="M=S" ></word_35>
<word_36 token="amizade" lemma="amizade" pos="n" features="F=S" ></word_36>
</sn>
<sn id="16" tokens="58...59" nucleo="amigo" sintagma="um amigo" Categoria="OUTRO" sentenca="3">
<word_58 token="um" lemma="um" pos="art" features="M=S" ></word_58>
<word_59 token="amigo" lemma="amigo" pos="n" features="M=S" ></word_59>
</sn>
</Cadeia_0>

</Cadeias><Mencoes_Unicas><sn id="1" tokens="3...4" nucleo="esse" sintagma="esse livro" Categoria="OUTRO" sentenca="1">
<word_3 token="esse" lemma="esse" pos="pron-det" features="M=S" ></word_3>
<word_4 token="livro" lemma="livro" pos="n" features="M=S" ></word_4>
</sn>
<sn id="2" tokens="9...9" nucleo="Malu" sintagma="Malu" Categoria="OUTRO" sentenca="1">
<word_9 token="Malu" lemma="" pos="prop" features="M=S" ></word_9>
</sn>
<sn id="3" tokens="11...13" nucleo="ele" sintagma="ele inseparaveis amigo" Categoria="NATUREZA/FENAT" sentenca="1">
<word_11 token="ele" lemma="ele" pos="pron-pers" features="M=3S=NOM" ></word_11>
<word_12 token="inseparaveis" lemma="" pos="adj" features="M=P" ></word_12>
<word_13 token="amigo" lemma="amigo" pos="n" features="M=S" ></word_13>
</sn>
<sn id="4" tokens="19...20" nucleo="cada" sintagma="cada um" Categoria="OUTRO" sentenca="2">
<word_19 token="cada" lemma="cada" pos="pron-det" features="M=S" ></word_19>
<word_20 token="um" lemma="um" pos="art" features="M=S" ></word_20>
</sn>
<sn id="5" tokens="22...22" nucleo="ele" sintagma="ele" Categoria="NATUREZA/FENAT" sentenca="2">
<word_22 token="ele" lemma="ele" pos="pron-pers" features="M=3S=NOM" ></word_22>
</sn>
<sn id="6" tokens="23...24" nucleo="momento" sintagma="momento marcante" Categoria="OUTRO" sentenca="2">
<word_23 token="momento" lemma="momento" pos="n" features="M=S" ></word_23>
<word_24 token="marcante" lemma="marcante, marcar" pos="adj" features="M=S" ></word_24>
</sn>
<sn id="7" tokens="26...26" nucleo="tim" sintagma="tim" Categoria="NATUREZA/FENAT" sentenca="2">
<word_26 token="tim" lemma="" pos="n" features="M=S" ></word_26>
</sn>
<sn id="8" tokens="29...30" nucleo="tim" sintagma="tim falir/falar" Categoria="NATUREZA/FENAT" sentenca="2">
<word_29 token="tim" lemma="" pos="n" features="M=S" ></word_29>
<word_30 token="falir/falar" lemma="" pos="adj" features="M=S" ></word_30>
</sn>
<sn id="9" tokens="32...33" nucleo="conflito" sintagma="o conflito" Categoria="OUTRO" sentenca="2">
<word_32 token="o" lemma="o" pos="art" features="M=S" ></word_32>
<word_33 token="conflito" lemma="conflito" pos="n" features="M=S" ></word_33>
</sn>
<sn id="11" tokens="39...40" nucleo="tristeza" sintagma="o tristeza" Categoria="OUTRO" sentenca="2">
<word_39 token="o" lemma="o" pos="art" features="M=S" ></word_39>
<word_40 token="tristeza" lemma="tristeza" pos="n" features="F=S" ></word_40>
</sn>
<sn id="12" tokens="45...46" nucleo="algum" sintagma="algum amigo" Categoria="OUTRO" sentenca="2">
<word_45 token="algum" lemma="algum" pos="pron-det" features="M=S" ></word_45>
<word_46 token="amigo" lemma="amigo" pos="n" features="M=S" ></word_46>
</sn>
<sn id="13" tokens="49...53" nucleo="esse" sintagma="esse livro e muito legal" Categoria="OUTRO" sentenca="3">
<word_49 token="esse" lemma="esse" pos="pron-det" features="M=S" ></word_49>
<word_50 token="livro" lemma="livro" pos="n" features="M=S" ></word_50>
<word_51 token="e" lemma="e" pos="conj-c" features="-" ></word_51>
<word_52 token="muito" lemma="muito" pos="adv" features="-" ></word_52>
<word_53 token="legal" lemma="legal" pos="adj" features="M=S" ></word_53>
</sn>
<sn id="14" tokens="56...56" nucleo="todo" sintagma="todo" Categoria="OUTRO" sentenca="3">
<word_56 token="todo" lemma="todo" pos="pron-det" features="M=S" ></word_56>
</sn>
<sn id="15" tokens="57...57" nucleo="que" sintagma="que" Categoria="OUTRO" sentenca="3">
<word_57 token="que" lemma="que" pos="pron-indp" features="M=S" ></word_57>
</sn>
</Mencoes_Unicas>
</ConteudoXML>
