<?xml version='1.0' encoding='ISO-8859-1'?>
<ConteudoXML>

<Texto conteudo="Gostei bastante , gente ! ser/ir o primeiro livro de o autor que eu ler , achar surpreendente e muito bom ( :" ></Texto>

<Sentencas>
<sentenca_1 conteudo="Gostei bastante , gente ! ser/ir o primeiro livro de o autor que eu ler , achar surpreendente e muito bom ( :"></sentenca_1>
</Sentencas>


<Tokens> 
<word_0 token="Gostei" lemma="gostar" pos="v-fin" features="PS=1S=IND" sentenca="1"></word_0>
<word_1 token="bastante" lemma="bastante" pos="adv" features="-" sentenca="1"></word_1>
<word_2 token="," lemma="" pos="," features="-" sentenca="1"></word_2>
<word_3 token="gente" lemma="gente" pos="n" features="F=S" sentenca="1"></word_3>
<word_4 token="!" lemma="" pos="!" features="-" sentenca="1"></word_4>
<word_5 token="ser/ir" lemma="" pos="v-inf" features="-" sentenca="1"></word_5>
<word_6 token="o" lemma="o" pos="art" features="M=S" sentenca="1"></word_6>
<word_7 token="primeiro" lemma="primeiro" pos="adj" features="M=S" sentenca="1"></word_7>
<word_8 token="livro" lemma="livro" pos="n" features="M=S" sentenca="1"></word_8>
<word_9 token="de" lemma="de" pos="prp" features="-" sentenca="1"></word_9>
<word_10 token="o" lemma="o" pos="art" features="M=S" sentenca="1"></word_10>
<word_11 token="autor" lemma="autor" pos="n" features="M=S" sentenca="1"></word_11>
<word_12 token="que" lemma="que" pos="pron-indp" features="M=S" sentenca="1"></word_12>
<word_13 token="eu" lemma="eu" pos="pron-pers" features="M/F=1S=NOM" sentenca="1"></word_13>
<word_14 token="ler" lemma="ler" pos="v-inf" features="-" sentenca="1"></word_14>
<word_15 token="," lemma="" pos="," features="-" sentenca="1"></word_15>
<word_16 token="achar" lemma="achar" pos="v-inf" features="-" sentenca="1"></word_16>
<word_17 token="surpreendente" lemma="surpreendente, surpreender" pos="adj" features="M=S" sentenca="1"></word_17>
<word_18 token="e" lemma="e" pos="conj-c" features="-" sentenca="1"></word_18>
<word_19 token="muito" lemma="muito" pos="adv" features="-" sentenca="1"></word_19>
<word_20 token="bom" lemma="bom" pos="adj" features="M=S" sentenca="1"></word_20>
<word_21 token="(" lemma="(" pos="(" features="-" sentenca="1"></word_21>
<word_22 token=":" lemma=":" pos=":" features="-" sentenca="1"></word_22>
</Tokens> 

<Cadeias> 

</Cadeias><Mencoes_Unicas><sn id="0" tokens="3...3" nucleo="gente" sintagma="gente" Categoria="OUTRO" sentenca="1">
<word_3 token="gente" lemma="gente" pos="n" features="F=S" ></word_3>
</sn>
<sn id="2" tokens="10...11" nucleo="autor" sintagma="o autor" Categoria="OUTRO" sentenca="1">
<word_10 token="o" lemma="o" pos="art" features="M=S" ></word_10>
<word_11 token="autor" lemma="autor" pos="n" features="M=S" ></word_11>
</sn>
<sn id="3" tokens="12...12" nucleo="que" sintagma="que" Categoria="OUTRO" sentenca="1">
<word_12 token="que" lemma="que" pos="pron-indp" features="M=S" ></word_12>
</sn>
<sn id="4" tokens="13...13" nucleo="eu" sintagma="eu" Categoria="COMUNICA��O/BIBL" sentenca="1">
<word_13 token="eu" lemma="eu" pos="pron-pers" features="M/F=1S=NOM" ></word_13>
</sn>
</Mencoes_Unicas>
</ConteudoXML>
